{
 "validation_checks": 160,
 "A_rate": [
  -5.161673909286145,
  0.35229816689657384,
  1.0
 ],
 "B_slope_vs_beta": [
  1.0224021371324252,
  -0.11634180387940506
 ],
 "C_phase_rho": 1.0,
 "D_perm": [
  0.2609347663084229,
  0.00024993751562109475
 ],
 "E": [
  0.17527187160557922,
  0.04183195490433815,
  -0.026247367004129406,
  0.13958716068782004,
  1.0,
  0.005681818181818182
 ],
 "F_slope": [
  -0.3680584573774375,
  -0.36959907626326843,
  -0.3665178384916064
 ],
 "scoreboard": {
  "A": true,
  "B": true,
  "C": true,
  "D": true,
  "E": true,
  "F": true
 },
 "wall_s": 10.0
}