{
 "validate_ok": 5,
 "A": {
  "base": 0.6708333333333333,
  "full": 0.9916666666666667,
  "main": {
   "vow": 0.011979166666666763,
   "forgive": 0.03489583333333346,
   "variety": 0.19739583333333333,
   "grace": 0.05156250000000007
  },
  "interactions": {
   "vow|forgive": -0.021354166666666702,
   "vow|variety": -0.023437499999999972,
   "vow|grace": 0.01614583333333329,
   "forgive|variety": -0.02760416666666668,
   "forgive|grace": -0.004687500000000011,
   "variety|grace": 0.039062500000000014
  }
 },
 "B": {
  "Ns": [
   150,
   300,
   600,
   1000
  ],
  "bare": [
   1.0,
   0.9916666666666667,
   0.925,
   0.4166666666666667
  ],
  "full": [
   0.9958333333333333,
   1.0,
   0.9958333333333333,
   0.8791666666666667
  ],
  "gap0": -0.004166666666666652,
  "gap1": 0.46249999999999997
 },
 "wall_s": 101.9
}