{
 "validate": {
  "learn_ok": 4,
  "detector_jaccard": 0.6150793650793651
 },
 "A": {
  "rho": 0.7825662179765523,
  "threshold": 3.531086951017707
 },
 "B": {
  "base": 0.766826875,
  "full": 0.935095875,
  "effects": {
   "vow": [
    0.085636921875,
    0.030992251937015745,
    0.022828924218749977,
    0.173377328125,
    true
   ],
   "forgive": [
    -0.04657451562500001,
    0.16395901024743814,
    -0.10486776562500003,
    0.0033052972656250294,
    false
   ],
   "variety": [
    0.024338859374999994,
    0.1417145713571607,
    0.0003003593749999891,
    0.05108918359375004,
    true
   ],
   "grace": [
    0.100060015625,
    0.018745313671582105,
    0.022235562109374957,
    0.22747138671875006,
    true
   ]
  },
  "variety_grace": 0.015324453125000012
 },
 "C": {
  "ks": [
   "4",
   "8",
   "16",
   "onehot"
  ],
  "variety_effect": [
   -0.002604124999999999,
   0.03125,
   0.002604124999999999,
   0.054687625000000004
  ],
  "corr_k": -0.04676323627552076
 },
 "wall_s": 21.9
}