{
  "slice": "factorial_community",
  "agents": {
    "tabular": {
      "base": 0.1825,
      "full": 0.8999999999999999,
      "jaccard": 0.4606741573033708,
      "main": {
        "vow": [
          0.0,
          0.0,
          0.0
        ],
        "forgive": [
          -0.010000000000000009,
          -0.03312500000000003,
          0.01125000000000001
        ],
        "variety": [
          0.7362500000000001,
          0.720625,
          0.7537499999999999
        ],
        "grace": [
          0.002500000000000009,
          -0.02312499999999998,
          0.025625000000000016
        ]
      },
      "inter": {
        "vow|forgive": -2.7755575615628914e-17,
        "vow|variety": -8.326672684688674e-17,
        "vow|grace": 0.0,
        "forgive|variety": -0.016250000000000014,
        "forgive|grace": 0.0175,
        "variety|grace": 0.03624999999999998
      }
    },
    "fa": {
      "base": 0.9975961250000001,
      "full": 0.9831730000000001,
      "jaccard": 0.4039408866995074,
      "main": {
        "vow": [
          0.0,
          0.0,
          0.0
        ],
        "forgive": [
          -0.00841349999999999,
          -0.01862990624999998,
          0.0012019687500000042
        ],
        "variety": [
          -0.004807687499999991,
          -0.012019281249999986,
          0.0018029375000000042
        ],
        "grace": [
          -0.0024038749999999998,
          -0.007211531249999986,
          0.001802843749999991
        ]
      },
      "inter": {
        "vow|forgive": 0.0,
        "vow|variety": 0.0,
        "vow|grace": 0.0,
        "forgive|variety": -0.006009625000000018,
        "forgive|grace": -0.003605812499999972,
        "variety|grace": 0.0048077499999999995
      }
    }
  }
}